[{"model": "contenttypes.contenttype", "pk": 1, "fields": {"app_label": "admin", "model": "logentry"}}, {"model": "contenttypes.contenttype", "pk": 2, "fields": {"app_label": "auth", "model": "group"}}, {"model": "contenttypes.contenttype", "pk": 3, "fields": {"app_label": "auth", "model": "permission"}}, {"model": "contenttypes.contenttype", "pk": 4, "fields": {"app_label": "auth", "model": "user"}}, {"model": "contenttypes.contenttype", "pk": 5, "fields": {"app_label": "contenttypes", "model": "contenttype"}}, {"model": "contenttypes.contenttype", "pk": 6, "fields": {"app_label": "sessions", "model": "session"}}, {"model": "contenttypes.contenttype", "pk": 7, "fields": {"app_label": "core", "model": "subscribe"}}, {"model": "contenttypes.contenttype", "pk": 8, "fields": {"app_label": "coworks", "model": "contactperson"}}, {"model": "contenttypes.contenttype", "pk": 9, "fields": {"app_label": "coworks", "model": "cowork"}}, {"model": "contenttypes.contenttype", "pk": 10, "fields": {"app_label": "coworks", "model": "amenity"}}, {"model": "contenttypes.contenttype", "pk": 11, "fields": {"app_label": "coworks", "model": "location"}}, {"model": "contenttypes.contenttype", "pk": 12, "fields": {"app_label": "coworks", "model": "neighbouramenity"}}, {"model": "contenttypes.contenttype", "pk": 13, "fields": {"app_label": "coworks", "model": "membershipbenefits"}}, {"model": "contenttypes.contenttype", "pk": 14, "fields": {"app_label": "coworks", "model": "pricing"}}, {"model": "contenttypes.contenttype", "pk": 15, "fields": {"app_label": "core", "model": "contactus"}}, {"model": "sessions.session", "pk": "a6hpor8ueyic1y8iri0hsd593emic4vo", "fields": {"session_data": "M2VjZjljNWEzMjY4ZWFlMTc4YmYzNTMzMWFkNmVlNDUyMTZhZDc1ZTp7Il9hdXRoX3VzZXJfaWQiOiIxIiwiX2F1dGhfdXNlcl9oYXNoIjoiYjA1MmViMWY2YzgwYzE1MTRmN2Q5MWMxYzFkMTlhMzM4MWM4YmIxNSIsIl9hdXRoX3VzZXJfYmFja2VuZCI6ImRqYW5nby5jb250cmliLmF1dGguYmFja2VuZHMuTW9kZWxCYWNrZW5kIn0=", "expire_date": "2018-01-26T16:01:56.512Z"}}, {"model": "core.contactus", "pk": 1, "fields": {"email": "ashutosh9sharma@gmail.com", "name": "ashutosh sharma", "phone": "9916777170", "message": "vdasdf"}}, {"model": "core.contactus", "pk": 2, "fields": {"email": "ashutosh9shawerma@gmail.com", "name": "ashutosh sharma", "phone": "9916777170", "message": ""}}, {"model": "core.contactus", "pk": 3, "fields": {"email": "ashutosh9sewerharma@gmail.com", "name": "ashutosh sharma", "phone": "9916777170", "message": ""}}, {"model": "coworks.cowork", "pk": "0RfG5LZd46ENUUz", "fields": {"is_deleted": false, "created_at": "2018-01-14T11:22:15.218Z", "modified_at": "2018-01-14T11:22:15.218Z", "name": "91springboard, Sect-18", "slug": "91springboard-sect-18", "description": null, "address": "91springboard, Plot 23, Maruti Industrial Area, Sector 18, Gurugram, Haryana 122015", "landmark": null, "location": 54, "website_url": "www.91springboard.com/coworking-space/gurgaon/", "price_per_day": "499", "price_per_month": "starting at 5999", "no_of_workstattion": "282", "amenity": [], "neighbour_amenity": [], "contact_person": []}}, {"model": "coworks.cowork", "pk": "6QxfJGvTPWsHJQF", "fields": {"is_deleted": false, "created_at": "2018-01-14T11:22:15.146Z", "modified_at": "2018-01-14T11:22:15.146Z", "name": "91springboard, Navi Mumbai ", "slug": "91springboard-navi-mumbai", "description": null, "address": "3rd Floor, Akshar Bluechip IT Park, Turbhe MIDC, Turbhe, Navi Mumbai, Maharashtra 400705", "landmark": null, "location": 58, "website_url": "http://www.91springboard.com/coworking-space/navimumbai/", "price_per_day": "499", "price_per_month": "6999", "no_of_workstattion": "-", "amenity": [], "neighbour_amenity": [], "contact_person": []}}, {"model": "coworks.cowork", "pk": "8k2d70hTi9lvIFm", "fields": {"is_deleted": false, "created_at": "2018-01-14T11:22:15.134Z", "modified_at": "2018-01-14T11:22:15.134Z", "name": "91springboard, Hyderabad", "slug": "91springboard-hyderabad", "description": null, "address": "Plot No-44, Phase I Kavuri Hills Hyderabad 500033", "landmark": null, "location": 57, "website_url": "http://www.91springboard.com/coworking-space/bangalore/indiranagar/", "price_per_day": "499", "price_per_month": "6999", "no_of_workstattion": "-", "amenity": [], "neighbour_amenity": [], "contact_person": []}}, {"model": "coworks.cowork", "pk": "AfozIlTlbZ95sVg", "fields": {"is_deleted": false, "created_at": "2018-01-14T11:22:15.160Z", "modified_at": "2018-01-14T11:22:15.160Z", "name": "91springboard, Sector 1 Noida ", "slug": "91springboard-sector-1-noida", "description": null, "address": "C2, sector 1, Noida, UP 201301", "landmark": null, "location": 59, "website_url": "http://www.91springboard.com/coworking-space/noida/sector-1/", "price_per_day": "499", "price_per_month": "7499", "no_of_workstattion": "381", "amenity": [], "neighbour_amenity": [], "contact_person": []}}, {"model": "coworks.cowork", "pk": "DtM1Zoirjiim4zG", "fields": {"is_deleted": false, "created_at": "2018-01-14T11:22:15.109Z", "modified_at": "2018-01-14T11:22:15.109Z", "name": "91springboard, Okhla Phase II", "slug": "91springboard-okhla-phase-ii", "description": null, "address": "E-43/1, Okhla Phase II, New Delhi, Delhi 110020", "landmark": null, "location": 55, "website_url": "http://www.91springboard.com/coworking-space/delhi/", "price_per_day": "499", "price_per_month": "6999", "no_of_workstattion": "84", "amenity": [], "neighbour_amenity": [], "contact_person": []}}, {"model": "coworks.cowork", "pk": "Ic0V2nPqvIENDGc", "fields": {"is_deleted": false, "created_at": "2018-01-14T11:21:08.393Z", "modified_at": "2018-01-14T11:21:08.552Z", "name": "One Paramount", "slug": "one-paramount", "description": "Cradled in one of Chennai\u00e2\u0080\u0099s most historic zones, CoWrks One Paramount, contributing to RMZ One Paramount\u00e2\u0080\u0099s  architecture, stands out with its  sense of modern aesthetics. Engulfed with the best in social infrastructure, the coworking space has retail outlets, restaurants, caf\u00c3\u00a9s, and an abundance of leisure destinations within arms reach. The design philosophy at the chapter sees an amalgamation of history, pop culture and local culture, coming together to spark organic conversations between members. The community at CoWrks Chennai also gets to leverage the tech park amenities such as - a lavish spread of F&B; outlets, ATMs, retail outlets, and an integrated fitness and wellness center - Activ.", "address": "One Paramount, Mt. Poonamalle High Road", "landmark": null, "location": 52, "website_url": null, "price_per_day": null, "price_per_month": null, "no_of_workstattion": null, "amenity": [1, 2, 3, 4, 5, 6, 7, 8, 9, 10, 11, 12], "neighbour_amenity": [1, 3, 5, 7, 8, 9], "contact_person": []}}, {"model": "coworks.cowork", "pk": "J3tebpQWiXTF8Yl", "fields": {"is_deleted": false, "created_at": "2018-01-14T11:22:15.204Z", "modified_at": "2018-01-14T11:22:15.204Z", "name": "91springboard , BKC Mumbai ", "slug": "91springboard-bkc-mumbai", "description": null, "address": "", "landmark": null, "location": 62, "website_url": "http://www.91springboard.com/coworking-space/mumbai/mumbai-bkc/", "price_per_day": "700", "price_per_month": "6999", "no_of_workstattion": "-", "amenity": [], "neighbour_amenity": [], "contact_person": []}}, {"model": "coworks.cowork", "pk": "JIMcWlTUI2ZlCGi", "fields": {"is_deleted": false, "created_at": "2018-01-14T11:22:15.182Z", "modified_at": "2018-01-14T11:22:15.182Z", "name": "91springboard, Andheri East", "slug": "91springboard-andheri-east", "description": null, "address": "B wing, 5th floor, Ackruti Trade Centre, MIDC, Andheri (E), Mumbai 400093", "landmark": null, "location": 53, "website_url": "http://www.91springboard.com/coworking-space/mumbai/andheri/", "price_per_day": "599", "price_per_month": "6999", "no_of_workstattion": "-", "amenity": [], "neighbour_amenity": [], "contact_person": []}}, {"model": "coworks.cowork", "pk": "K7RXNsItnmaSMt3", "fields": {"is_deleted": false, "created_at": "2018-01-14T11:21:07.769Z", "modified_at": "2018-01-14T11:21:07.840Z", "name": "Whitefield", "slug": "whitefield", "description": "Widening that good CoWrks vibe across Bengaluru, CoWrks Whitefield is strategically placed within one of the hottest micro-markets in the city - at RMZ NXT. As one of the most premium coworking spaces around the area, the extended campus of CoWrks' Whitefield chapter sees a wide and diverse range of global brands such as Rolls Royce, GE, Caterpillar, and SAP, and comes loaded with amenities such as Cafes and F&B; outlets, ATMs, and Currency Exchange to name a few.", "address": "RMZ NXT, Whitefield Road", "landmark": null, "location": 51, "website_url": null, "price_per_day": null, "price_per_month": null, "no_of_workstattion": null, "amenity": [1, 2, 3, 4, 5, 6, 7, 8, 9, 10, 11, 12], "neighbour_amenity": [1, 3, 5, 7, 8, 9], "contact_person": []}}, {"model": "coworks.cowork", "pk": "LwmTRAEVf2k2oEd", "fields": {"is_deleted": false, "created_at": "2018-01-14T11:21:10.940Z", "modified_at": "2018-01-14T11:21:11.012Z", "name": "Worli", "slug": "worli", "description": "The Worli Chapter of CoWrks finds home at the Birla Centurion, overlooking Century Mills, Worli and hosts some of largest names in business. The chapter is surrounded by a wide range of amenities such as a food court, health and fitness centre, a lifestyle lounge, and the best of social infrastructure including the high-energy recreation and entertainment centre - Smaaash, the Four Seasons hotel, and connectivity to the entire city through the Elphinstone Railway Station.", "address": "Birla Centurion", "landmark": null, "location": 53, "website_url": null, "price_per_day": null, "price_per_month": null, "no_of_workstattion": null, "amenity": [1, 2, 3, 4, 5, 6, 7, 8, 9, 10, 11, 12], "neighbour_amenity": [3, 5, 7, 8, 9, 14], "contact_person": []}}, {"model": "coworks.cowork", "pk": "OZ1zLxlsRs8hBGo", "fields": {"is_deleted": false, "created_at": "2018-01-14T11:20:50.910Z", "modified_at": "2018-01-14T11:21:07.409Z", "name": "Ecoworld", "slug": "ecoworld", "description": "The CoWrks Ecoworld chapter finds its home just off the Outer Ring Road, Bellandur at RMZ Ecoworld. With lush green landscaping opening up to an Eco-deck and an Amphitheatre, Ecoworld instantly connects you to more than half of Bengaluru\u00e2\u0080\u0099s workforce through the Outer Ring Road. RMZ Ecoworld is not only home to large global enterprises such as GE, Capgemini, Sony and Morgan Stanley, but also includes an extensive range of amenities including a lavish spread of F&B; outlets, ATMs, retail outlets and an executive sports club, to name a few. Standing tall at 1,60,000 sq. ft., The CoWrks Ecoworld chapter is the largest coworking space in Asia and hosts more than 3,000 members within the hottest micro market of Bangalore city.", "address": "RMZ Ecoworld, ORR, Bellandur", "landmark": null, "location": 51, "website_url": null, "price_per_day": null, "price_per_month": null, "no_of_workstattion": null, "amenity": [1, 2, 3, 4, 5, 6, 7, 8, 9, 10, 11, 12], "neighbour_amenity": [1, 2, 3, 4, 5, 6], "contact_person": []}}, {"model": "coworks.cowork", "pk": "ShQaQulFLibFnv3", "fields": {"is_deleted": false, "created_at": "2018-01-14T11:22:15.063Z", "modified_at": "2018-01-14T11:22:15.063Z", "name": "91springboard, JP nagar", "slug": "91springboard-jp-nagar", "description": null, "address": "3rd, 4th & 5th Floor, #175 & #176, Dollars Colony, Phase 4, JP Nagar, Bannerghatta Main Road, Bengaluru, Karnataka 560076", "landmark": null, "location": 51, "website_url": "http://www.91springboard.com/coworking-space/bangalore/jp-nagar/", "price_per_day": "599", "price_per_month": "6999", "no_of_workstattion": "-", "amenity": [], "neighbour_amenity": [], "contact_person": []}}, {"model": "coworks.cowork", "pk": "TnXxlrqMWaM0CXB", "fields": {"is_deleted": false, "created_at": "2018-01-14T11:22:15.172Z", "modified_at": "2018-01-14T11:22:15.172Z", "name": "91springboard, Sect-63", "slug": "91springboard-sect-63", "description": null, "address": "A-130, A Block, Sector 63, Noida, Uttar Pradesh 201301", "landmark": null, "location": 60, "website_url": "http://www.91springboard.com/coworking-space/noida/sector-63/", "price_per_day": "499", "price_per_month": "6999", "no_of_workstattion": "-", "amenity": [], "neighbour_amenity": [], "contact_person": []}}, {"model": "coworks.cowork", "pk": "V8bO2kppaBznqaU", "fields": {"is_deleted": false, "created_at": "2018-01-14T11:21:10.392Z", "modified_at": "2018-01-14T11:21:10.754Z", "name": "BKC", "slug": "bkc", "description": "Located at the very heart of Mumbai, The CoWrks BKC chapter finds a home in the Bandra Kurla Complex, Mumbai, - the financial district of the country. With enterprise giants across industries such as Procter & Gamble, Unilever, Amazon, ITC, JPMorgan Chase, Reliance, and SAP, as neighbours, the CoWrks Mumbai chapter brings independent consultants and businesses closer to clients they interact with, and maximises collaboration and learning opportunities. The design philosophy borrows elements from pop and local culture and has already seemed to attract freelancers and SMEs looking for a vibrant coworking space and community.", "address": "Bandra Kurla Complex", "landmark": null, "location": 53, "website_url": null, "price_per_day": null, "price_per_month": null, "no_of_workstattion": null, "amenity": [1, 2, 3, 4, 5, 6, 7, 8, 9, 10, 11, 12], "neighbour_amenity": [3, 5, 7, 9, 12, 13], "contact_person": []}}, {"model": "coworks.cowork", "pk": "YdTmo0EHRm4YuCh", "fields": {"is_deleted": false, "created_at": "2018-01-14T11:22:15.192Z", "modified_at": "2018-01-14T11:22:15.192Z", "name": "91springboard, Rise Mumbai", "slug": "91springboard-rise-mumbai", "description": null, "address": "1902, 19th Floor, Tower B, Peninsula Business Park, G K Marg, Lower Parel, Mumbai, Maharashtra 400013", "landmark": null, "location": 61, "website_url": "http://www.91springboard.com/coworking-space/bangalore/indiranagar/", "price_per_day": "700", "price_per_month": "6999", "no_of_workstattion": "-", "amenity": [], "neighbour_amenity": [], "contact_person": []}}, {"model": "coworks.cowork", "pk": "cKrEOAclP8tyB0y", "fields": {"is_deleted": false, "created_at": "2018-01-14T11:22:15.073Z", "modified_at": "2018-01-14T11:22:15.073Z", "name": "91springboard, 7th Block Kormangala", "slug": "91springboard-7th-block-kormangala", "description": null, "address": "4th Floor, No 22, Salarpuria Towers-I, Hosur Road Koramangala Bengaluru 560095", "landmark": null, "location": 51, "website_url": "http://www.91springboard.com/coworking-space/bangalore/koramangala-forum-mall/", "price_per_day": "599", "price_per_month": "6999", "no_of_workstattion": "-", "amenity": [], "neighbour_amenity": [], "contact_person": []}}, {"model": "coworks.cowork", "pk": "gY8gtS75vCZcVMz", "fields": {"is_deleted": false, "created_at": "2018-01-14T11:22:15.086Z", "modified_at": "2018-01-14T11:22:15.086Z", "name": "91springboard, 8th Block Kormangala", "slug": "91springboard-8th-block-kormangala", "description": null, "address": "3rd Floor, Padmavati Complex, #2, 80 Feet Road,  Koramangala, 8th Block, Bengaluru 560095", "landmark": null, "location": 51, "website_url": "http://www.91springboard.com/coworking-space/bangalore/koramangala-national-games-village/", "price_per_day": "599", "price_per_month": "6999", "no_of_workstattion": "-", "amenity": [], "neighbour_amenity": [], "contact_person": []}}, {"model": "coworks.cowork", "pk": "i2GBalWE6NIKLZx", "fields": {"is_deleted": false, "created_at": "2018-01-14T11:21:11.531Z", "modified_at": "2018-01-14T11:21:11.609Z", "name": "Golf Course Road", "slug": "golf-course-road", "description": "Amidst the hustle and bustle on the Golf Course Road, Gurugram, the CoWrks Golf Course Road chapter surrounds itself with businesses such as Carlsberg, Nearbuy, Religare, and CISCO to name a few, while finding it\u00e2\u0080\u0099s place within one of the most premium neighbourhoods in the Delhi-NCR region. With exceptional connectivity through road, and the Metro, CoWrks GCR exposes members to the best in retail, fashion, F&B; and social infrastructure.", "address": "Paras Twin Towers, Sector 54, Gurugram", "landmark": null, "location": 54, "website_url": null, "price_per_day": null, "price_per_month": null, "no_of_workstattion": null, "amenity": [1, 2, 3, 4, 5, 6, 7, 8, 9, 10, 11, 12], "neighbour_amenity": [3, 5, 7, 8, 9, 16], "contact_person": []}}, {"model": "coworks.cowork", "pk": "kMnWKC0crj3BnPV", "fields": {"is_deleted": false, "created_at": "2018-01-14T11:21:11.299Z", "modified_at": "2018-01-14T11:21:11.375Z", "name": "Gurgaon Central", "slug": "gurgaon-central", "description": "Overlooking a burst of the best in social infrastructure, the Gurgaon Central chapter of CoWrks opens you up to sweeping views of the downtown Gurgaon skyline. Through National Highway 8, CoWrks Gurgaon Central is the only coworking space across the country that connects business travellers and members directly to the Delhi International Airport with one single expressway. The chapter is surrounded by amenities that include - a lavish spread of F&B; outlets, ATMs, retail outlets, fitness centers, and a beautiful concourse area at it\u00e2\u0080\u0099s heart, to name a few.", "address": "RMZ Infinity, Udyog Vihar Phase-IV", "landmark": null, "location": 54, "website_url": null, "price_per_day": null, "price_per_month": null, "no_of_workstattion": null, "amenity": [1, 2, 3, 4, 5, 6, 7, 8, 9, 10, 11, 12], "neighbour_amenity": [3, 5, 7, 8, 10, 15], "contact_person": []}}, {"model": "coworks.cowork", "pk": "mYCZnJZWVtWkd3e", "fields": {"is_deleted": false, "created_at": "2018-01-14T11:21:07.551Z", "modified_at": "2018-01-14T11:21:07.621Z", "name": "New Indiranagar", "slug": "new-indiranagar", "description": "The CoWrks New Indiranagar chapter at RMZ Infinity stands tall on the forefront of Old Madras Road, connecting the hustle-bustle of the Central Business District to underbellies such as Whitefield. RMZ Infinity is not only home to large global enterprises such as Google, EY, Airbus and Thomson Reuters, but is also surrounded by amenities that include - a lavish spread of F&B; outlets, ATMs, retail, fitness centers, and a beautiful concourse area at it\u00e2\u0080\u0099s heart, to name a few. With a member base spread across Real Estate, Aerospace, Financial Technology, Artificial Intelligence, Venture Capitalists, Fashion Technology, E-Commerce, and SaaS among others, this chapter is regarded as a coworking space with the most diversity across Bengaluru city.", "address": "RMZ Infinity, Old Madras Road", "landmark": null, "location": 51, "website_url": null, "price_per_day": null, "price_per_month": null, "no_of_workstattion": null, "amenity": [1, 2, 3, 4, 5, 6, 7, 8, 9, 10, 11, 12], "neighbour_amenity": [1, 3, 5, 7, 8, 9], "contact_person": []}}, {"model": "coworks.cowork", "pk": "moBPhsRnVPGT71U", "fields": {"is_deleted": false, "created_at": "2018-01-14T11:22:15.123Z", "modified_at": "2018-01-14T11:22:15.123Z", "name": "91springboard, Panjim", "slug": "91springboard-panjim", "description": null, "address": "2nd & 3rd Floor, Shanta Building, 18th June Rd,  St. Inez, Panjim, Goa 403001", "landmark": null, "location": 56, "website_url": "http://www.91springboard.com/coworking-space/goa/", "price_per_day": "499", "price_per_month": "6999", "no_of_workstattion": "-", "amenity": [], "neighbour_amenity": [], "contact_person": []}}, {"model": "coworks.cowork", "pk": "oOx8jF1hEeUa8nR", "fields": {"is_deleted": false, "created_at": "2018-01-14T11:21:08.739Z", "modified_at": "2018-01-14T11:21:08.851Z", "name": "OMR", "slug": "omr", "description": "CoWrks Millenia finds a home at one of Chennai\u00e2\u0080\u0099s most prodigious business centers - RMZ Millenia. The tech park is not only home to large global enterprises such as Caterpillar, Ford, Capgemini, Vodafone, and Shell, but is also surrounded by amenities that include - a lavish spread of F&B; outlets, ATMs, retail outlets, fitness centers, and currency exchange outlets to name a few. CoWrks Chennai, regarded as one of the most diverse coworking spaces across the city looks to bring a wide range of professionals including - creative individuals, entrepreneurs, startups, small businesses and Fortune 500 companies, under a single roof where creativity and collaboration can thrive.", "address": "RMZ Millenia Business Park, MGR Main Road", "landmark": null, "location": 52, "website_url": null, "price_per_day": null, "price_per_month": null, "no_of_workstattion": null, "amenity": [1, 2, 3, 4, 5, 6, 7, 8, 9, 10, 11, 12], "neighbour_amenity": [1, 3, 5, 7, 9, 11], "contact_person": []}}, {"model": "coworks.cowork", "pk": "q6v4eVBW3Wtcn6y", "fields": {"is_deleted": false, "created_at": "2018-01-14T11:22:03.766Z", "modified_at": "2018-01-14T11:22:15.052Z", "name": "91springboard, Indiranagar", "slug": "91springboard-indiranagar", "description": null, "address": "George Thangaiah Complex, #21, 80 feet road,  Indiranagar, Bangalore 560038", "landmark": null, "location": 51, "website_url": "http://www.91springboard.com/coworking-space/bangalore/indiranagar/", "price_per_day": "599", "price_per_month": "6999", "no_of_workstattion": "-", "amenity": [], "neighbour_amenity": [], "contact_person": []}}, {"model": "coworks.cowork", "pk": "r68HNm85D8XawMc", "fields": {"is_deleted": false, "created_at": "2018-01-14T11:22:15.098Z", "modified_at": "2018-01-14T11:22:15.098Z", "name": "91springboard, MG Road", "slug": "91springboard-mg-road", "description": null, "address": "1st Floor, Gopala Krishna Complex, #45/3 Residency road, Bengaluru, 560025", "landmark": null, "location": 51, "website_url": "http://www.91springboard.com/coworking-space/bangalore/mg-road/", "price_per_day": "599", "price_per_month": "6999", "no_of_workstattion": "-", "amenity": [], "neighbour_amenity": [], "contact_person": []}}, {"model": "coworks.cowork", "pk": "x3XhCwnss6FOaHl", "fields": {"is_deleted": false, "created_at": "2018-01-14T11:21:07.997Z", "modified_at": "2018-01-14T11:21:08.068Z", "name": "Millenia", "slug": "millenia", "description": "CoWrks Millenia, finds it\u00e2\u0080\u0099s place in the heart of the city - Bengaluru\u00e2\u0080\u0099s buzzing Central Business District. A five minute drive from MG Road, CoWrks Millenia brings premium coworking spaces to one of the busiest micro markets of the city. CoWrks\u00e2\u0080\u0099 Ulsoor chapter at RMZ Millenia is surrounded by the best in social infrastructure and some of the largest names in business including Nike, AT&T;, CNBC, Symantec and IFB to name a few.", "address": "Murphy Road, Ulsoor", "landmark": null, "location": 51, "website_url": null, "price_per_day": null, "price_per_month": null, "no_of_workstattion": null, "amenity": [1, 2, 3, 4, 5, 6, 7, 8, 9, 10, 11, 12], "neighbour_amenity": [1, 3, 5, 7, 9, 10], "contact_person": []}}, {"model": "coworks.membershipbenefits", "pk": 11, "fields": {"name": "FD", "description": "Desk space whenever you need on a first come,first served basis.Get a laptop, pick any of the unoccupied or available seats and start working", "suitable_for": "[\"Part time workers\", \"Meetings\", \"Around a week/month\"]"}}, {"model": "coworks.membershipbenefits", "pk": 12, "fields": {"name": "DD", "description": "Your own dedicated desk in shared space with all the benefits of a full time office.", "suitable_for": "[\"Budding Startups\", \"Collaboration\", \"Around a week/month\"]"}}, {"model": "coworks.membershipbenefits", "pk": 13, "fields": {"name": "PS", "description": "Fully serviced and enclosed offices that can house any number of team size.Includes modern furniture,desks,chairs,hi speed internet and utilities", "suitable_for": "[\"Medium team sizes(5-50)\", \"More Authority & Privacy\", \"Developing Gravitas\"]"}}, {"model": "coworks.membershipbenefits", "pk": 14, "fields": {"name": "VO", "description": "Premium work addresses to upgrade your business.\n                                    ", "suitable_for": null}}, {"model": "coworks.membershipbenefits", "pk": 15, "fields": {"name": "CR", "description": "Dynamic meeting rooms spanned across diverse themes", "suitable_for": null}}, {"model": "coworks.membershipbenefits", "pk": 16, "fields": {"name": "ES", "description": "Over 6,000 sq. ft. of prime event space and curated attendees", "suitable_for": null}}, {"model": "coworks.pricing", "pk": 229, "fields": {"cowork": "OZ1zLxlsRs8hBGo", "membership": 11, "price": 10499.0, "time_unit": null, "time_value": null, "seats": null}}, {"model": "coworks.pricing", "pk": 230, "fields": {"cowork": "OZ1zLxlsRs8hBGo", "membership": 12, "price": 12499.0, "time_unit": null, "time_value": null, "seats": null}}, {"model": "coworks.pricing", "pk": 231, "fields": {"cowork": "OZ1zLxlsRs8hBGo", "membership": 13, "price": 21999.0, "time_unit": null, "time_value": null, "seats": null}}, {"model": "coworks.pricing", "pk": 232, "fields": {"cowork": "mYCZnJZWVtWkd3e", "membership": 11, "price": 12499.0, "time_unit": null, "time_value": null, "seats": null}}, {"model": "coworks.pricing", "pk": 233, "fields": {"cowork": "mYCZnJZWVtWkd3e", "membership": 12, "price": 13499.0, "time_unit": null, "time_value": null, "seats": null}}, {"model": "coworks.pricing", "pk": 234, "fields": {"cowork": "mYCZnJZWVtWkd3e", "membership": 13, "price": 23499.0, "time_unit": null, "time_value": null, "seats": null}}, {"model": "coworks.pricing", "pk": 235, "fields": {"cowork": "K7RXNsItnmaSMt3", "membership": 12, "price": 12499.0, "time_unit": null, "time_value": null, "seats": null}}, {"model": "coworks.pricing", "pk": 236, "fields": {"cowork": "K7RXNsItnmaSMt3", "membership": 13, "price": 21000.0, "time_unit": null, "time_value": null, "seats": null}}, {"model": "coworks.pricing", "pk": 237, "fields": {"cowork": "x3XhCwnss6FOaHl", "membership": 12, "price": 17999.0, "time_unit": null, "time_value": null, "seats": null}}, {"model": "coworks.pricing", "pk": 238, "fields": {"cowork": "x3XhCwnss6FOaHl", "membership": 13, "price": 38999.0, "time_unit": null, "time_value": null, "seats": null}}, {"model": "coworks.pricing", "pk": 239, "fields": {"cowork": "Ic0V2nPqvIENDGc", "membership": 11, "price": 10499.0, "time_unit": null, "time_value": null, "seats": null}}, {"model": "coworks.pricing", "pk": 240, "fields": {"cowork": "Ic0V2nPqvIENDGc", "membership": 13, "price": 22499.0, "time_unit": null, "time_value": null, "seats": null}}, {"model": "coworks.pricing", "pk": 241, "fields": {"cowork": "oOx8jF1hEeUa8nR", "membership": 12, "price": 12499.0, "time_unit": null, "time_value": null, "seats": null}}, {"model": "coworks.pricing", "pk": 242, "fields": {"cowork": "oOx8jF1hEeUa8nR", "membership": 13, "price": 23499.0, "time_unit": null, "time_value": null, "seats": null}}, {"model": "coworks.pricing", "pk": 243, "fields": {"cowork": "V8bO2kppaBznqaU", "membership": 11, "price": 14499.0, "time_unit": null, "time_value": null, "seats": null}}, {"model": "coworks.pricing", "pk": 244, "fields": {"cowork": "V8bO2kppaBznqaU", "membership": 12, "price": 18499.0, "time_unit": null, "time_value": null, "seats": null}}, {"model": "coworks.pricing", "pk": 245, "fields": {"cowork": "V8bO2kppaBznqaU", "membership": 13, "price": 34999.0, "time_unit": null, "time_value": null, "seats": null}}, {"model": "coworks.pricing", "pk": 246, "fields": {"cowork": "LwmTRAEVf2k2oEd", "membership": 12, "price": 18499.0, "time_unit": null, "time_value": null, "seats": null}}, {"model": "coworks.pricing", "pk": 247, "fields": {"cowork": "LwmTRAEVf2k2oEd", "membership": 13, "price": 40599.0, "time_unit": null, "time_value": null, "seats": null}}, {"model": "coworks.pricing", "pk": 248, "fields": {"cowork": "kMnWKC0crj3BnPV", "membership": 11, "price": 13999.0, "time_unit": null, "time_value": null, "seats": null}}, {"model": "coworks.pricing", "pk": 249, "fields": {"cowork": "kMnWKC0crj3BnPV", "membership": 12, "price": 16499.0, "time_unit": null, "time_value": null, "seats": null}}, {"model": "coworks.pricing", "pk": 250, "fields": {"cowork": "kMnWKC0crj3BnPV", "membership": 13, "price": 31499.0, "time_unit": null, "time_value": null, "seats": null}}, {"model": "coworks.pricing", "pk": 251, "fields": {"cowork": "i2GBalWE6NIKLZx", "membership": 11, "price": 10999.0, "time_unit": null, "time_value": null, "seats": null}}, {"model": "coworks.pricing", "pk": 252, "fields": {"cowork": "i2GBalWE6NIKLZx", "membership": 12, "price": 14499.0, "time_unit": null, "time_value": null, "seats": null}}, {"model": "coworks.pricing", "pk": 253, "fields": {"cowork": "i2GBalWE6NIKLZx", "membership": 13, "price": 29999.0, "time_unit": null, "time_value": null, "seats": null}}, {"model": "coworks.pricing", "pk": 254, "fields": {"cowork": "ShQaQulFLibFnv3", "membership": 15, "price": 3000.0, "time_unit": "hours", "time_value": "8", "seats": 8}}, {"model": "coworks.pricing", "pk": 255, "fields": {"cowork": "cKrEOAclP8tyB0y", "membership": 15, "price": 3000.0, "time_unit": "hours", "time_value": "8", "seats": 8}}, {"model": "coworks.pricing", "pk": 256, "fields": {"cowork": "gY8gtS75vCZcVMz", "membership": 15, "price": 3000.0, "time_unit": "hours", "time_value": "8", "seats": 8}}, {"model": "coworks.pricing", "pk": 257, "fields": {"cowork": "r68HNm85D8XawMc", "membership": 15, "price": 3000.0, "time_unit": "hours", "time_value": "8", "seats": 8}}, {"model": "coworks.pricing", "pk": 258, "fields": {"cowork": "DtM1Zoirjiim4zG", "membership": 15, "price": 3000.0, "time_unit": "hours", "time_value": "8", "seats": 8}}, {"model": "coworks.pricing", "pk": 259, "fields": {"cowork": "moBPhsRnVPGT71U", "membership": 15, "price": 3000.0, "time_unit": "hours", "time_value": "8", "seats": 8}}, {"model": "coworks.pricing", "pk": 260, "fields": {"cowork": "8k2d70hTi9lvIFm", "membership": 15, "price": 3000.0, "time_unit": "hours", "time_value": "8", "seats": 8}}, {"model": "coworks.pricing", "pk": 261, "fields": {"cowork": "6QxfJGvTPWsHJQF", "membership": 15, "price": 3000.0, "time_unit": "hours", "time_value": "8", "seats": 8}}, {"model": "coworks.pricing", "pk": 262, "fields": {"cowork": "AfozIlTlbZ95sVg", "membership": 15, "price": 3000.0, "time_unit": "hours", "time_value": "8", "seats": 8}}, {"model": "coworks.pricing", "pk": 263, "fields": {"cowork": "TnXxlrqMWaM0CXB", "membership": 15, "price": 3000.0, "time_unit": "hours", "time_value": "8", "seats": 8}}, {"model": "coworks.pricing", "pk": 264, "fields": {"cowork": "JIMcWlTUI2ZlCGi", "membership": 15, "price": 3000.0, "time_unit": "hours", "time_value": "8", "seats": 8}}, {"model": "coworks.pricing", "pk": 265, "fields": {"cowork": "YdTmo0EHRm4YuCh", "membership": 15, "price": 3000.0, "time_unit": "hours", "time_value": "8", "seats": 8}}, {"model": "coworks.pricing", "pk": 266, "fields": {"cowork": "J3tebpQWiXTF8Yl", "membership": 15, "price": 3000.0, "time_unit": "hours", "time_value": "8", "seats": 8}}, {"model": "coworks.pricing", "pk": 267, "fields": {"cowork": "q6v4eVBW3Wtcn6y", "membership": 15, "price": 3000.0, "time_unit": "hours", "time_value": "8", "seats": 8}}, {"model": "coworks.pricing", "pk": 268, "fields": {"cowork": "ShQaQulFLibFnv3", "membership": 16, "price": 5000.0, "time_unit": "hours", "time_value": "8", "seats": null}}, {"model": "coworks.pricing", "pk": 269, "fields": {"cowork": "cKrEOAclP8tyB0y", "membership": 16, "price": 5000.0, "time_unit": "hours", "time_value": "8", "seats": null}}, {"model": "coworks.pricing", "pk": 270, "fields": {"cowork": "gY8gtS75vCZcVMz", "membership": 16, "price": 5000.0, "time_unit": "hours", "time_value": "8", "seats": null}}, {"model": "coworks.pricing", "pk": 271, "fields": {"cowork": "r68HNm85D8XawMc", "membership": 16, "price": 5000.0, "time_unit": "hours", "time_value": "8", "seats": null}}, {"model": "coworks.pricing", "pk": 272, "fields": {"cowork": "DtM1Zoirjiim4zG", "membership": 16, "price": 5000.0, "time_unit": "hours", "time_value": "8", "seats": null}}, {"model": "coworks.pricing", "pk": 273, "fields": {"cowork": "moBPhsRnVPGT71U", "membership": 16, "price": 5000.0, "time_unit": "hours", "time_value": "8", "seats": null}}, {"model": "coworks.pricing", "pk": 274, "fields": {"cowork": "8k2d70hTi9lvIFm", "membership": 16, "price": 5000.0, "time_unit": "hours", "time_value": "8", "seats": null}}, {"model": "coworks.pricing", "pk": 275, "fields": {"cowork": "6QxfJGvTPWsHJQF", "membership": 16, "price": 5000.0, "time_unit": "hours", "time_value": "8", "seats": null}}, {"model": "coworks.pricing", "pk": 276, "fields": {"cowork": "AfozIlTlbZ95sVg", "membership": 16, "price": 5000.0, "time_unit": "hours", "time_value": "8", "seats": null}}, {"model": "coworks.pricing", "pk": 277, "fields": {"cowork": "TnXxlrqMWaM0CXB", "membership": 16, "price": 5000.0, "time_unit": "hours", "time_value": "8", "seats": null}}, {"model": "coworks.pricing", "pk": 278, "fields": {"cowork": "JIMcWlTUI2ZlCGi", "membership": 16, "price": 5000.0, "time_unit": "hours", "time_value": "8", "seats": null}}, {"model": "coworks.pricing", "pk": 279, "fields": {"cowork": "YdTmo0EHRm4YuCh", "membership": 16, "price": 5000.0, "time_unit": "hours", "time_value": "8", "seats": null}}, {"model": "coworks.pricing", "pk": 280, "fields": {"cowork": "J3tebpQWiXTF8Yl", "membership": 16, "price": 5000.0, "time_unit": "hours", "time_value": "8", "seats": null}}, {"model": "coworks.pricing", "pk": 281, "fields": {"cowork": "q6v4eVBW3Wtcn6y", "membership": 16, "price": 5000.0, "time_unit": "hours", "time_value": "8", "seats": null}}, {"model": "coworks.amenity", "pk": 1, "fields": {"name": "Gourmet Coffee", "description": null}}, {"model": "coworks.amenity", "pk": 2, "fields": {"name": "24X7 Access", "description": null}}, {"model": "coworks.amenity", "pk": 3, "fields": {"name": "Uninterrupted WiFi", "description": null}}, {"model": "coworks.amenity", "pk": 4, "fields": {"name": "Office Supplies", "description": null}}, {"model": "coworks.amenity", "pk": 5, "fields": {"name": "Energetic Workspaces", "description": null}}, {"model": "coworks.amenity", "pk": 6, "fields": {"name": "Community Experience", "description": null}}, {"model": "coworks.amenity", "pk": 7, "fields": {"name": "Phone Booths", "description": null}}, {"model": "coworks.amenity", "pk": 8, "fields": {"name": "Exclusive Event", "description": null}}, {"model": "coworks.amenity", "pk": 9, "fields": {"name": "Business Class Printer", "description": null}}, {"model": "coworks.amenity", "pk": 10, "fields": {"name": "National Presence", "description": null}}, {"model": "coworks.amenity", "pk": 11, "fields": {"name": "Connect App", "description": null}}, {"model": "coworks.amenity", "pk": 12, "fields": {"name": "Common Areas", "description": null}}, {"model": "coworks.neighbouramenity", "pk": 1, "fields": {"name": "The Bay", "description": "A lavish spread of F&B; and retail options"}}, {"model": "coworks.neighbouramenity", "pk": 2, "fields": {"name": "Amphitheatre\n                                        ", "description": " Room for elaborate events"}}, {"model": "coworks.neighbouramenity", "pk": 3, "fields": {"name": "Urban Amenities ", "description": "The best of retail within an arm's reach"}}, {"model": "coworks.neighbouramenity", "pk": 4, "fields": {"name": "Activ", "description": "Integrated health and wellness ecosystem"}}, {"model": "coworks.neighbouramenity", "pk": 5, "fields": {"name": "Connectivity", "description": "Connectivity to the entire city through ORR"}}, {"model": "coworks.neighbouramenity", "pk": 6, "fields": {"name": "Lush Landscaping", "description": "Richly landscaped spaces with extensive water features"}}, {"model": "coworks.neighbouramenity", "pk": 7, "fields": {"name": "External Event Spaces\n                                        ", "description": " More room for elaborate eventss"}}, {"model": "coworks.neighbouramenity", "pk": 8, "fields": {"name": "Health Club", "description": "Integrated health and wellness ecosystem"}}, {"model": "coworks.neighbouramenity", "pk": 9, "fields": {"name": "Social Infrastructure", "description": "Proximity to multiplexes, high street fashion outlets and hospitals"}}, {"model": "coworks.neighbouramenity", "pk": 10, "fields": {"name": "Immersive Landscaping", "description": "Sweeping views overlooking the Ulsoor lake"}}, {"model": "coworks.neighbouramenity", "pk": 11, "fields": {"name": "Health Club ", "description": "Integrated health and wellness ecosystem"}}, {"model": "coworks.neighbouramenity", "pk": 12, "fields": {"name": "Extended Hobnob", "description": "An offbeat social experience"}}, {"model": "coworks.neighbouramenity", "pk": 13, "fields": {"name": "Health Ecosystem", "description": "A 30 kilometers cycle track and fitness centers"}}, {"model": "coworks.neighbouramenity", "pk": 14, "fields": {"name": "Food Court ", "description": "A lavish spread of F&B; options"}}, {"model": "coworks.neighbouramenity", "pk": 15, "fields": {"name": "At The Heart Of All The Action", "description": "Overlooking A Comprehensive Lifestyle Hub "}}, {"model": "coworks.neighbouramenity", "pk": 16, "fields": {"name": "Food Court", "description": "A lavish spread of F&B; options "}}, {"model": "coworks.contactperson", "pk": 1, "fields": {"name": "Rumpa Das", "description": "Rumpa is a fitness freak who has a special liking for wine.\n                                                She finds her adventure in travelling all around the world, meeting new people. ", "phone": "('9',)", "email": " communication@cowrks.com", "alternate_no": null}}, {"model": "coworks.contactperson", "pk": 2, "fields": {"name": "Auguste Pociunaite", "description": "Beastie Boys is her jam! Auguste loves to travel, has impeccable taste in music and is the proud aunt of Lithuania's fastest baby. ", "phone": "918061429001", "email": "communication@cowrks.com", "alternate_no": null}}, {"model": "coworks.contactperson", "pk": 3, "fields": {"name": "Imaad Ahmed", "description": "Imaad has a special place in his heart for Man Utd, liquid drum & bass, and Steph Curry.\n                                                He is best described as a charmer who enjoys making new connections and inspiring people. ", "phone": "918880000218", "email": "communication@cowrks.com", "alternate_no": null}}, {"model": "coworks.contactperson", "pk": 4, "fields": {"name": "Sneha Anantharaman", "description": null, "phone": "011-395-95578", "email": "joinus@91springboard.com", "alternate_no": "011-395-95578"}}, {"model": "coworks.contactperson", "pk": 5, "fields": {"name": "Sneha Anantharaman", "description": null, "phone": "011-395-95578", "email": "joinus@91springboard.com", "alternate_no": "011-395-95578"}}, {"model": "coworks.contactperson", "pk": 6, "fields": {"name": "Sneha Anantharaman", "description": null, "phone": "011-395-95578", "email": "joinus@91springboard.com", "alternate_no": "011-395-95578"}}, {"model": "coworks.contactperson", "pk": 7, "fields": {"name": "Sneha Anantharaman", "description": null, "phone": "011-395-95578", "email": "joinus@91springboard.com", "alternate_no": "011-395-95578"}}, {"model": "coworks.contactperson", "pk": 8, "fields": {"name": "Charu Magotra", "description": null, "phone": "011-395-95578", "email": "joinus@91springboard.com", "alternate_no": "011-395-95578"}}, {"model": "coworks.contactperson", "pk": 9, "fields": {"name": "Aditya Ishan", "description": null, "phone": "011-395-95578", "email": "joinus@91springboard.com", "alternate_no": "011-395-95578"}}, {"model": "coworks.contactperson", "pk": 10, "fields": {"name": "Anirudh", "description": null, "phone": "011-395-95578", "email": "joinus@91springboard.com", "alternate_no": "011-395-95578"}}, {"model": "coworks.contactperson", "pk": 11, "fields": {"name": "Sneha Anantharaman", "description": null, "phone": "011-395-95578", "email": "joinus@91springboard.com", "alternate_no": "011-395-95578"}}, {"model": "coworks.contactperson", "pk": 12, "fields": {"name": "Karishma Shadiza", "description": null, "phone": "011-395-95578", "email": "joinus@91springboard.com", "alternate_no": "011-395-95578"}}, {"model": "coworks.contactperson", "pk": 13, "fields": {"name": "", "description": null, "phone": "011-395-95578", "email": "joinus@91springboard.com", "alternate_no": "011-395-95578"}}, {"model": "coworks.contactperson", "pk": 14, "fields": {"name": "Kaustav Roy", "description": null, "phone": "011-395-95578", "email": "joinus@91springboard.com", "alternate_no": "011-395-95578"}}, {"model": "coworks.contactperson", "pk": 15, "fields": {"name": "Sneha Anantharaman", "description": null, "phone": "011-395-95578", "email": "joinus@91springboard.com", "alternate_no": "011-395-95578"}}, {"model": "coworks.contactperson", "pk": 16, "fields": {"name": "Charu Magotra", "description": null, "phone": "011-395-95578", "email": "joinus@91springboard.com", "alternate_no": "011-395-95578"}}, {"model": "coworks.contactperson", "pk": 17, "fields": {"name": "Aditya Ishan", "description": null, "phone": "011-395-95578", "email": "joinus@91springboard.com", "alternate_no": "011-395-95578"}}, {"model": "coworks.contactperson", "pk": 18, "fields": {"name": "Anirudh", "description": null, "phone": "011-395-95578", "email": "joinus@91springboard.com", "alternate_no": "011-395-95578"}}, {"model": "coworks.contactperson", "pk": 19, "fields": {"name": "Sneha Anantharaman", "description": null, "phone": "011-395-95578", "email": "joinus@91springboard.com", "alternate_no": "011-395-95578"}}, {"model": "coworks.contactperson", "pk": 20, "fields": {"name": "Karishma Shadiza", "description": null, "phone": "011-395-95578", "email": "joinus@91springboard.com", "alternate_no": "011-395-95578"}}, {"model": "coworks.contactperson", "pk": 21, "fields": {"name": "", "description": null, "phone": "011-395-95578", "email": "joinus@91springboard.com", "alternate_no": "011-395-95578"}}, {"model": "coworks.contactperson", "pk": 22, "fields": {"name": "Kaustav Roy", "description": null, "phone": "011-395-95578", "email": "joinus@91springboard.com", "alternate_no": "011-395-95578"}}, {"model": "coworks.contactperson", "pk": 23, "fields": {"name": "Sneha Anantharaman", "description": null, "phone": "011-395-95578", "email": "joinus@91springboard.com", "alternate_no": "011-395-95578"}}, {"model": "coworks.contactperson", "pk": 24, "fields": {"name": "Charu Magotra", "description": null, "phone": "011-395-95578", "email": "joinus@91springboard.com", "alternate_no": "011-395-95578"}}, {"model": "coworks.contactperson", "pk": 25, "fields": {"name": "Aditya Ishan", "description": null, "phone": "011-395-95578", "email": "joinus@91springboard.com", "alternate_no": "011-395-95578"}}, {"model": "coworks.contactperson", "pk": 26, "fields": {"name": "Anirudh", "description": null, "phone": "011-395-95578", "email": "joinus@91springboard.com", "alternate_no": "011-395-95578"}}, {"model": "coworks.contactperson", "pk": 27, "fields": {"name": "Sneha Anantharaman", "description": null, "phone": "011-395-95578", "email": "joinus@91springboard.com", "alternate_no": "011-395-95578"}}, {"model": "coworks.contactperson", "pk": 28, "fields": {"name": "Karishma Shadiza", "description": null, "phone": "011-395-95578", "email": "joinus@91springboard.com", "alternate_no": "011-395-95578"}}, {"model": "coworks.contactperson", "pk": 29, "fields": {"name": "", "description": null, "phone": "011-395-95578", "email": "joinus@91springboard.com", "alternate_no": "011-395-95578"}}, {"model": "coworks.contactperson", "pk": 30, "fields": {"name": "Kaustav Roy", "description": null, "phone": "011-395-95578", "email": "joinus@91springboard.com", "alternate_no": "011-395-95578"}}, {"model": "coworks.contactperson", "pk": 31, "fields": {"name": "Sneha Anantharaman", "description": null, "phone": "011-395-95578", "email": "joinus@91springboard.com", "alternate_no": "011-395-95578"}}, {"model": "coworks.contactperson", "pk": 32, "fields": {"name": "Charu Magotra", "description": null, "phone": "011-395-95578", "email": "joinus@91springboard.com", "alternate_no": "011-395-95578"}}, {"model": "coworks.contactperson", "pk": 33, "fields": {"name": "Aditya Ishan", "description": null, "phone": "011-395-95578", "email": "joinus@91springboard.com", "alternate_no": "011-395-95578"}}, {"model": "coworks.contactperson", "pk": 34, "fields": {"name": "Anirudh", "description": null, "phone": "011-395-95578", "email": "joinus@91springboard.com", "alternate_no": "011-395-95578"}}, {"model": "coworks.contactperson", "pk": 35, "fields": {"name": "Sneha Anantharaman", "description": null, "phone": "011-395-95578", "email": "joinus@91springboard.com", "alternate_no": "011-395-95578"}}, {"model": "coworks.contactperson", "pk": 36, "fields": {"name": "Karishma Shadiza", "description": null, "phone": "011-395-95578", "email": "joinus@91springboard.com", "alternate_no": "011-395-95578"}}, {"model": "coworks.contactperson", "pk": 37, "fields": {"name": "", "description": null, "phone": "011-395-95578", "email": "joinus@91springboard.com", "alternate_no": "011-395-95578"}}, {"model": "coworks.contactperson", "pk": 38, "fields": {"name": "Kaustav Roy", "description": null, "phone": "011-395-95578", "email": "joinus@91springboard.com", "alternate_no": "011-395-95578"}}, {"model": "coworks.contactperson", "pk": 39, "fields": {"name": "Sneha Anantharaman", "description": null, "phone": "011-395-95578", "email": "joinus@91springboard.com", "alternate_no": "011-395-95578"}}, {"model": "coworks.contactperson", "pk": 40, "fields": {"name": "Charu Magotra", "description": null, "phone": "011-395-95578", "email": "joinus@91springboard.com", "alternate_no": "011-395-95578"}}, {"model": "coworks.contactperson", "pk": 41, "fields": {"name": "Aditya Ishan", "description": null, "phone": "011-395-95578", "email": "joinus@91springboard.com", "alternate_no": "011-395-95578"}}, {"model": "coworks.contactperson", "pk": 42, "fields": {"name": "Anirudh", "description": null, "phone": "011-395-95578", "email": "joinus@91springboard.com", "alternate_no": "011-395-95578"}}, {"model": "coworks.contactperson", "pk": 43, "fields": {"name": "Sneha Anantharaman", "description": null, "phone": "011-395-95578", "email": "joinus@91springboard.com", "alternate_no": "011-395-95578"}}, {"model": "coworks.contactperson", "pk": 44, "fields": {"name": "Karishma Shadiza", "description": null, "phone": "011-395-95578", "email": "joinus@91springboard.com", "alternate_no": "011-395-95578"}}, {"model": "coworks.contactperson", "pk": 45, "fields": {"name": "", "description": null, "phone": "011-395-95578", "email": "joinus@91springboard.com", "alternate_no": "011-395-95578"}}, {"model": "coworks.contactperson", "pk": 46, "fields": {"name": "Kaustav Roy", "description": null, "phone": "011-395-95578", "email": "joinus@91springboard.com", "alternate_no": "011-395-95578"}}, {"model": "coworks.contactperson", "pk": 47, "fields": {"name": "Jackin Mota", "description": null, "phone": "011-395-95578", "email": "joinus@91springboard.com", "alternate_no": "011-395-95578"}}, {"model": "coworks.contactperson", "pk": 48, "fields": {"name": "Akshat Agarwal", "description": null, "phone": "011-395-95578", "email": "joinus@91springboard.com", "alternate_no": "011-395-95578"}}, {"model": "coworks.contactperson", "pk": 49, "fields": {"name": "", "description": null, "phone": "011-395-95578", "email": "joinus@91springboard.com", "alternate_no": "011-395-95578"}}, {"model": "coworks.contactperson", "pk": 50, "fields": {"name": "Sudhanshu Jha", "description": null, "phone": "011-395-95578", "email": "joinus@91springboard.com", "alternate_no": "011-395-95578"}}, {"model": "coworks.contactperson", "pk": 51, "fields": {"name": "Tejal Khawse", "description": null, "phone": "011-395-95578", "email": "joinus@91springboard.com", "alternate_no": "011-395-95578"}}, {"model": "coworks.contactperson", "pk": 52, "fields": {"name": "Nikita Koka", "description": null, "phone": "011-395-95578", "email": "joinus@91springboard.com", "alternate_no": "011-395-95578"}}, {"model": "coworks.contactperson", "pk": 53, "fields": {"name": "Sneha Anantharaman", "description": null, "phone": "011-395-95578", "email": "joinus@91springboard.com", "alternate_no": "011-395-95578"}}, {"model": "coworks.contactperson", "pk": 54, "fields": {"name": "Charu Magotra", "description": null, "phone": "011-395-95578", "email": "joinus@91springboard.com", "alternate_no": "011-395-95578"}}, {"model": "coworks.contactperson", "pk": 55, "fields": {"name": "Aditya Ishan", "description": null, "phone": "011-395-95578", "email": "joinus@91springboard.com", "alternate_no": "011-395-95578"}}, {"model": "coworks.contactperson", "pk": 56, "fields": {"name": "Anirudh", "description": null, "phone": "011-395-95578", "email": "joinus@91springboard.com", "alternate_no": "011-395-95578"}}, {"model": "coworks.contactperson", "pk": 57, "fields": {"name": "Sneha Anantharaman", "description": null, "phone": "011-395-95578", "email": "joinus@91springboard.com", "alternate_no": "011-395-95578"}}, {"model": "coworks.contactperson", "pk": 58, "fields": {"name": "Karishma Shadiza", "description": null, "phone": "011-395-95578", "email": "joinus@91springboard.com", "alternate_no": "011-395-95578"}}, {"model": "coworks.contactperson", "pk": 59, "fields": {"name": "", "description": null, "phone": "011-395-95578", "email": "joinus@91springboard.com", "alternate_no": "011-395-95578"}}, {"model": "coworks.contactperson", "pk": 60, "fields": {"name": "Kaustav Roy", "description": null, "phone": "011-395-95578", "email": "joinus@91springboard.com", "alternate_no": "011-395-95578"}}, {"model": "coworks.contactperson", "pk": 61, "fields": {"name": "Jackin Mota", "description": null, "phone": "011-395-95578", "email": "joinus@91springboard.com", "alternate_no": "011-395-95578"}}, {"model": "coworks.contactperson", "pk": 62, "fields": {"name": "Akshat Agarwal", "description": null, "phone": "011-395-95578", "email": "joinus@91springboard.com", "alternate_no": "011-395-95578"}}, {"model": "coworks.contactperson", "pk": 63, "fields": {"name": "", "description": null, "phone": "011-395-95578", "email": "joinus@91springboard.com", "alternate_no": "011-395-95578"}}, {"model": "coworks.contactperson", "pk": 64, "fields": {"name": "Sudhanshu Jha", "description": null, "phone": "011-395-95578", "email": "joinus@91springboard.com", "alternate_no": "011-395-95578"}}, {"model": "coworks.contactperson", "pk": 65, "fields": {"name": "Tejal Khawse", "description": null, "phone": "011-395-95578", "email": "joinus@91springboard.com", "alternate_no": "011-395-95578"}}, {"model": "coworks.contactperson", "pk": 66, "fields": {"name": "Nikita Koka", "description": null, "phone": "011-395-95578", "email": "joinus@91springboard.com", "alternate_no": "011-395-95578"}}, {"model": "coworks.contactperson", "pk": 67, "fields": {"name": "Naman Sanghal", "description": null, "phone": "011-395-95578", "email": "joinus@91springboard.com", "alternate_no": "011-395-95578"}}, {"model": "coworks.contactperson", "pk": 68, "fields": {"name": "Sneha Anantharaman", "description": null, "phone": "011-395-95578", "email": "joinus@91springboard.com", "alternate_no": "011-395-95578"}}, {"model": "coworks.contactperson", "pk": 69, "fields": {"name": "Sneha Anantharaman", "description": null, "phone": "011-395-95578", "email": "joinus@91springboard.com", "alternate_no": "011-395-95578"}}, {"model": "coworks.contactperson", "pk": 70, "fields": {"name": "Charu Magotra", "description": null, "phone": "011-395-95578", "email": "joinus@91springboard.com", "alternate_no": "011-395-95578"}}, {"model": "coworks.contactperson", "pk": 71, "fields": {"name": "Aditya Ishan", "description": null, "phone": "011-395-95578", "email": "joinus@91springboard.com", "alternate_no": "011-395-95578"}}, {"model": "coworks.contactperson", "pk": 72, "fields": {"name": "Anirudh", "description": null, "phone": "011-395-95578", "email": "joinus@91springboard.com", "alternate_no": "011-395-95578"}}, {"model": "coworks.contactperson", "pk": 73, "fields": {"name": "Sneha Anantharaman", "description": null, "phone": "011-395-95578", "email": "joinus@91springboard.com", "alternate_no": "011-395-95578"}}, {"model": "coworks.contactperson", "pk": 74, "fields": {"name": "Karishma Shadiza", "description": null, "phone": "011-395-95578", "email": "joinus@91springboard.com", "alternate_no": "011-395-95578"}}, {"model": "coworks.contactperson", "pk": 75, "fields": {"name": "", "description": null, "phone": "011-395-95578", "email": "joinus@91springboard.com", "alternate_no": "011-395-95578"}}, {"model": "coworks.contactperson", "pk": 76, "fields": {"name": "Kaustav Roy", "description": null, "phone": "011-395-95578", "email": "joinus@91springboard.com", "alternate_no": "011-395-95578"}}, {"model": "coworks.contactperson", "pk": 77, "fields": {"name": "Jackin Mota", "description": null, "phone": "011-395-95578", "email": "joinus@91springboard.com", "alternate_no": "011-395-95578"}}, {"model": "coworks.contactperson", "pk": 78, "fields": {"name": "Akshat Agarwal", "description": null, "phone": "011-395-95578", "email": "joinus@91springboard.com", "alternate_no": "011-395-95578"}}, {"model": "coworks.contactperson", "pk": 79, "fields": {"name": "", "description": null, "phone": "011-395-95578", "email": "joinus@91springboard.com", "alternate_no": "011-395-95578"}}, {"model": "coworks.contactperson", "pk": 80, "fields": {"name": "Sudhanshu Jha", "description": null, "phone": "011-395-95578", "email": "joinus@91springboard.com", "alternate_no": "011-395-95578"}}, {"model": "coworks.contactperson", "pk": 81, "fields": {"name": "Tejal Khawse", "description": null, "phone": "011-395-95578", "email": "joinus@91springboard.com", "alternate_no": "011-395-95578"}}, {"model": "coworks.contactperson", "pk": 82, "fields": {"name": "Nikita Koka", "description": null, "phone": "011-395-95578", "email": "joinus@91springboard.com", "alternate_no": "011-395-95578"}}, {"model": "coworks.contactperson", "pk": 83, "fields": {"name": "Naman Sanghal", "description": null, "phone": "011-395-95578", "email": "joinus@91springboard.com", "alternate_no": "011-395-95578"}}, {"model": "coworks.location", "pk": 51, "fields": {"name": "Bengaluru", "slug": "bengaluru", "description": null}}, {"model": "coworks.location", "pk": 52, "fields": {"name": "Chennai", "slug": "chennai", "description": null}}, {"model": "coworks.location", "pk": 53, "fields": {"name": "Mumbai", "slug": "mumbai", "description": null}}, {"model": "coworks.location", "pk": 54, "fields": {"name": "Gurgaon", "slug": "gurgaon", "description": null}}, {"model": "coworks.location", "pk": 55, "fields": {"name": " new delhi", "slug": "new-delhi", "description": null}}, {"model": "coworks.location", "pk": 56, "fields": {"name": " goa", "slug": "goa", "description": null}}, {"model": "coworks.location", "pk": 57, "fields": {"name": " telangana ", "slug": "telangana", "description": null}}, {"model": "coworks.location", "pk": 58, "fields": {"name": " navi mumbai ", "slug": "navi-mumbai", "description": null}}, {"model": "coworks.location", "pk": 59, "fields": {"name": " sector 1 noida ", "slug": "sector-1-noida", "description": null}}, {"model": "coworks.location", "pk": 60, "fields": {"name": " noida", "slug": "noida", "description": null}}, {"model": "coworks.location", "pk": 61, "fields": {"name": " rise mumbai", "slug": "rise-mumbai", "description": null}}, {"model": "coworks.location", "pk": 62, "fields": {"name": " bkc mumbai ", "slug": "bkc-mumbai", "description": null}}, {"model": "auth.permission", "pk": 1, "fields": {"name": "Can add log entry", "content_type": 1, "codename": "add_logentry"}}, {"model": "auth.permission", "pk": 2, "fields": {"name": "Can change log entry", "content_type": 1, "codename": "change_logentry"}}, {"model": "auth.permission", "pk": 3, "fields": {"name": "Can delete log entry", "content_type": 1, "codename": "delete_logentry"}}, {"model": "auth.permission", "pk": 4, "fields": {"name": "Can add group", "content_type": 2, "codename": "add_group"}}, {"model": "auth.permission", "pk": 5, "fields": {"name": "Can change group", "content_type": 2, "codename": "change_group"}}, {"model": "auth.permission", "pk": 6, "fields": {"name": "Can delete group", "content_type": 2, "codename": "delete_group"}}, {"model": "auth.permission", "pk": 7, "fields": {"name": "Can add permission", "content_type": 3, "codename": "add_permission"}}, {"model": "auth.permission", "pk": 8, "fields": {"name": "Can change permission", "content_type": 3, "codename": "change_permission"}}, {"model": "auth.permission", "pk": 9, "fields": {"name": "Can delete permission", "content_type": 3, "codename": "delete_permission"}}, {"model": "auth.permission", "pk": 10, "fields": {"name": "Can add user", "content_type": 4, "codename": "add_user"}}, {"model": "auth.permission", "pk": 11, "fields": {"name": "Can change user", "content_type": 4, "codename": "change_user"}}, {"model": "auth.permission", "pk": 12, "fields": {"name": "Can delete user", "content_type": 4, "codename": "delete_user"}}, {"model": "auth.permission", "pk": 13, "fields": {"name": "Can add content type", "content_type": 5, "codename": "add_contenttype"}}, {"model": "auth.permission", "pk": 14, "fields": {"name": "Can change content type", "content_type": 5, "codename": "change_contenttype"}}, {"model": "auth.permission", "pk": 15, "fields": {"name": "Can delete content type", "content_type": 5, "codename": "delete_contenttype"}}, {"model": "auth.permission", "pk": 16, "fields": {"name": "Can add session", "content_type": 6, "codename": "add_session"}}, {"model": "auth.permission", "pk": 17, "fields": {"name": "Can change session", "content_type": 6, "codename": "change_session"}}, {"model": "auth.permission", "pk": 18, "fields": {"name": "Can delete session", "content_type": 6, "codename": "delete_session"}}, {"model": "auth.permission", "pk": 19, "fields": {"name": "Can add subscribe", "content_type": 7, "codename": "add_subscribe"}}, {"model": "auth.permission", "pk": 20, "fields": {"name": "Can change subscribe", "content_type": 7, "codename": "change_subscribe"}}, {"model": "auth.permission", "pk": 21, "fields": {"name": "Can delete subscribe", "content_type": 7, "codename": "delete_subscribe"}}, {"model": "auth.permission", "pk": 22, "fields": {"name": "Can add contact person", "content_type": 8, "codename": "add_contactperson"}}, {"model": "auth.permission", "pk": 23, "fields": {"name": "Can change contact person", "content_type": 8, "codename": "change_contactperson"}}, {"model": "auth.permission", "pk": 24, "fields": {"name": "Can delete contact person", "content_type": 8, "codename": "delete_contactperson"}}, {"model": "auth.permission", "pk": 25, "fields": {"name": "Can add cowork", "content_type": 9, "codename": "add_cowork"}}, {"model": "auth.permission", "pk": 26, "fields": {"name": "Can change cowork", "content_type": 9, "codename": "change_cowork"}}, {"model": "auth.permission", "pk": 27, "fields": {"name": "Can delete cowork", "content_type": 9, "codename": "delete_cowork"}}, {"model": "auth.permission", "pk": 28, "fields": {"name": "Can add amenity", "content_type": 10, "codename": "add_amenity"}}, {"model": "auth.permission", "pk": 29, "fields": {"name": "Can change amenity", "content_type": 10, "codename": "change_amenity"}}, {"model": "auth.permission", "pk": 30, "fields": {"name": "Can delete amenity", "content_type": 10, "codename": "delete_amenity"}}, {"model": "auth.permission", "pk": 31, "fields": {"name": "Can add location", "content_type": 11, "codename": "add_location"}}, {"model": "auth.permission", "pk": 32, "fields": {"name": "Can change location", "content_type": 11, "codename": "change_location"}}, {"model": "auth.permission", "pk": 33, "fields": {"name": "Can delete location", "content_type": 11, "codename": "delete_location"}}, {"model": "auth.permission", "pk": 34, "fields": {"name": "Can add neighbour amenity", "content_type": 12, "codename": "add_neighbouramenity"}}, {"model": "auth.permission", "pk": 35, "fields": {"name": "Can change neighbour amenity", "content_type": 12, "codename": "change_neighbouramenity"}}, {"model": "auth.permission", "pk": 36, "fields": {"name": "Can delete neighbour amenity", "content_type": 12, "codename": "delete_neighbouramenity"}}, {"model": "auth.permission", "pk": 37, "fields": {"name": "Can add membership benefits", "content_type": 13, "codename": "add_membershipbenefits"}}, {"model": "auth.permission", "pk": 38, "fields": {"name": "Can change membership benefits", "content_type": 13, "codename": "change_membershipbenefits"}}, {"model": "auth.permission", "pk": 39, "fields": {"name": "Can delete membership benefits", "content_type": 13, "codename": "delete_membershipbenefits"}}, {"model": "auth.permission", "pk": 40, "fields": {"name": "Can add pricing", "content_type": 14, "codename": "add_pricing"}}, {"model": "auth.permission", "pk": 41, "fields": {"name": "Can change pricing", "content_type": 14, "codename": "change_pricing"}}, {"model": "auth.permission", "pk": 42, "fields": {"name": "Can delete pricing", "content_type": 14, "codename": "delete_pricing"}}, {"model": "auth.permission", "pk": 43, "fields": {"name": "Can add contact us", "content_type": 15, "codename": "add_contactus"}}, {"model": "auth.permission", "pk": 44, "fields": {"name": "Can change contact us", "content_type": 15, "codename": "change_contactus"}}, {"model": "auth.permission", "pk": 45, "fields": {"name": "Can delete contact us", "content_type": 15, "codename": "delete_contactus"}}, {"model": "auth.user", "pk": 1, "fields": {"password": "pbkdf2_sha256$36000$SYM5dU8xkCUy$4xZmwifIg/QnB+wogVw2dsHyugc4DZ1pdn2kPRFkVkE=", "last_login": "2018-01-12T16:01:56.508Z", "is_superuser": true, "username": "thestartupnetwork", "first_name": "", "last_name": "", "email": "ashutosh9sharma@gmail.com", "is_staff": true, "is_active": true, "date_joined": "2018-01-12T16:01:39.686Z", "groups": [], "user_permissions": []}}, {"model": "admin.logentry", "pk": 1, "fields": {"action_time": "2018-01-13T12:42:45.503Z", "user": 1, "content_type": 14, "object_id": "207", "object_repr": "91springboard, Sect-18: CR: 1500.0", "action_flag": 1, "change_message": "[{\"added\": {}}]"}}, {"model": "admin.logentry", "pk": 2, "fields": {"action_time": "2018-01-13T12:43:28.729Z", "user": 1, "content_type": 14, "object_id": "208", "object_repr": "91springboard, Sect-18: CR: 2000.0", "action_flag": 1, "change_message": "[{\"added\": {}}]"}}, {"model": "admin.logentry", "pk": 3, "fields": {"action_time": "2018-01-13T12:43:49.913Z", "user": 1, "content_type": 14, "object_id": "209", "object_repr": "91springboard, Sect-18: CR: 2000.0", "action_flag": 1, "change_message": "[{\"added\": {}}]"}}, {"model": "admin.logentry", "pk": 4, "fields": {"action_time": "2018-01-13T12:44:39.156Z", "user": 1, "content_type": 14, "object_id": "210", "object_repr": "91springboard, Sect-18: CR: 2500.0", "action_flag": 1, "change_message": "[{\"added\": {}}]"}}, {"model": "admin.logentry", "pk": 5, "fields": {"action_time": "2018-01-13T12:45:08.748Z", "user": 1, "content_type": 14, "object_id": "211", "object_repr": "91springboard, Sect-18: CR: 3500.0", "action_flag": 1, "change_message": "[{\"added\": {}}]"}}, {"model": "admin.logentry", "pk": 6, "fields": {"action_time": "2018-01-13T12:45:36.017Z", "user": 1, "content_type": 14, "object_id": "212", "object_repr": "91springboard, Sect-18: CR: 3500.0", "action_flag": 1, "change_message": "[{\"added\": {}}]"}}, {"model": "admin.logentry", "pk": 7, "fields": {"action_time": "2018-01-13T12:54:52.286Z", "user": 1, "content_type": 14, "object_id": "227", "object_repr": "91springboard, Sect-18: ES: 3000.0", "action_flag": 1, "change_message": "[{\"added\": {}}]"}}, {"model": "admin.logentry", "pk": 8, "fields": {"action_time": "2018-01-13T12:55:09.427Z", "user": 1, "content_type": 14, "object_id": "228", "object_repr": "91springboard, Sect-18: ES: 5500.0", "action_flag": 1, "change_message": "[{\"added\": {}}]"}}, {"model": "admin.logentry", "pk": 9, "fields": {"action_time": "2018-01-14T11:41:33.076Z", "user": 1, "content_type": 13, "object_id": "11", "object_repr": "FD", "action_flag": 2, "change_message": "[{\"changed\": {\"fields\": [\"description\"]}}]"}}, {"model": "admin.logentry", "pk": 10, "fields": {"action_time": "2018-01-14T11:43:53.932Z", "user": 1, "content_type": 13, "object_id": "12", "object_repr": "DD", "action_flag": 2, "change_message": "[{\"changed\": {\"fields\": [\"description\", \"suitable_for\"]}}]"}}, {"model": "admin.logentry", "pk": 11, "fields": {"action_time": "2018-01-14T11:45:00.008Z", "user": 1, "content_type": 13, "object_id": "13", "object_repr": "PS", "action_flag": 2, "change_message": "[{\"changed\": {\"fields\": [\"description\", \"suitable_for\"]}}]"}}]